doc_id,source_path,author,title,work_group,char_count
Creanga_AculSiBarosul.txt,data/ROST-NormElip/Creanga_AculSiBarosul.txt,Creanga,AculSiBarosul,Creanga__AculSiBarosul,4348
Creanga_AmintiriDinCopilarie-1.txt,data/ROST-NormElip/Creanga_AmintiriDinCopilarie-1.txt,Creanga,AmintiriDinCopilarie-1,Creanga__AmintiriDinCopilarie,35489
Creanga_AmintiriDinCopilarie-2.txt,data/ROST-NormElip/Creanga_AmintiriDinCopilarie-2.txt,Creanga,AmintiriDinCopilarie-2,Creanga__AmintiriDinCopilarie,41477
Creanga_AmintiriDinCopilarie-3.txt,data/ROST-NormElip/Creanga_AmintiriDinCopilarie-3.txt,Creanga,AmintiriDinCopilarie-3,Creanga__AmintiriDinCopilarie,48328
Creanga_AmintiriDinCopilarie-4.txt,data/ROST-NormElip/Creanga_AmintiriDinCopilarie-4.txt,Creanga,AmintiriDinCopilarie-4,Creanga__AmintiriDinCopilarie,14408
Creanga_CapraCuTreiIezi.txt,data/ROST-NormElip/Creanga_CapraCuTreiIezi.txt,Creanga,CapraCuTreiIezi,Creanga__CapraCuTreiIezi,13592
Creanga_CinciPaini.txt,data/ROST-NormElip/Creanga_CinciPaini.txt,Creanga,CinciPaini,Creanga__CinciPaini,7544
Creanga_DanilaPrepeleac.txt,data/ROST-NormElip/Creanga_DanilaPrepeleac.txt,Creanga,DanilaPrepeleac,Creanga__DanilaPrepeleac,22646
Creanga_FatFrumosFiulIepei.txt,data/ROST-NormElip/Creanga_FatFrumosFiulIepei.txt,Creanga,FatFrumosFiulIepei,Creanga__FatFrumosFiulIepei,24239
Creanga_FataBabeiSiFataMosneagului.txt,data/ROST-NormElip/Creanga_FataBabeiSiFataMosneagului.txt,Creanga,FataBabeiSiFataMosneagului,Creanga__FataBabeiSiFataMosneagului,12756
Creanga_FragmentDeAutobiografie.txt,data/ROST-NormElip/Creanga_FragmentDeAutobiografie.txt,Creanga,FragmentDeAutobiografie,Creanga__FragmentDeAutobiografie,4067
Creanga_InulSiCamesa.txt,data/ROST-NormElip/Creanga_InulSiCamesa.txt,Creanga,InulSiCamesa,Creanga__InulSiCamesa,3671
Creanga_IonRoataSiCuzaVoda.txt,data/ROST-NormElip/Creanga_IonRoataSiCuzaVoda.txt,Creanga,IonRoataSiCuzaVoda,Creanga__IonRoataSiCuzaVoda,10304
Creanga_IvanTurbinca.txt,data/ROST-NormElip/Creanga_IvanTurbinca.txt,Creanga,IvanTurbinca,Creanga__IvanTurbinca,27141
Creanga_MosIonRoataSiUnirea.txt,data/ROST-NormElip/Creanga_MosIonRoataSiUnirea.txt,Creanga,MosIonRoataSiUnirea,Creanga__MosIonRoataSiUnirea,6716
Creanga_MosNichiforCotcariul.txt,data/ROST-NormElip/Creanga_MosNichiforCotcariul.txt,Creanga,MosNichiforCotcariul,Creanga__MosNichiforCotcariul,31369
Creanga_Pacala.txt,data/ROST-NormElip/Creanga_Pacala.txt,Creanga,Pacala,Creanga__Pacala,3941
Creanga_PopaDuhu.txt,data/ROST-NormElip/Creanga_PopaDuhu.txt,Creanga,PopaDuhu,Creanga__PopaDuhu,9485
Creanga_PovesteaLuiHarapAlb.txt,data/ROST-NormElip/Creanga_PovesteaLuiHarapAlb.txt,Creanga,PovesteaLuiHarapAlb,Creanga__PovesteaLuiHarapAlb,98104
Creanga_PovesteaLuiIonicaCelProst.txt,data/ROST-NormElip/Creanga_PovesteaLuiIonicaCelProst.txt,Creanga,PovesteaLuiIonicaCelProst,Creanga__PovesteaLuiIonicaCelProst,20539
Creanga_PovesteaLuiStanPatitul.txt,data/ROST-NormElip/Creanga_PovesteaLuiStanPatitul.txt,Creanga,PovesteaLuiStanPatitul,Creanga__PovesteaLuiStanPatitul,40471
Creanga_PovesteaPorcului.txt,data/ROST-NormElip/Creanga_PovesteaPorcului.txt,Creanga,PovesteaPorcului,Creanga__PovesteaPorcului,30149
Creanga_PovesteaPovestilor.txt,data/ROST-NormElip/Creanga_PovesteaPovestilor.txt,Creanga,PovesteaPovestilor,Creanga__PovesteaPovestilor,14837
Creanga_PovesteaUnuiOmLenes.txt,data/ROST-NormElip/Creanga_PovesteaUnuiOmLenes.txt,Creanga,PovesteaUnuiOmLenes,Creanga__PovesteaUnuiOmLenes,3425
Creanga_ProstiaOmeneasca.txt,data/ROST-NormElip/Creanga_ProstiaOmeneasca.txt,Creanga,ProstiaOmeneasca,Creanga__ProstiaOmeneasca,5736
Creanga_PungutaCuDoiBani.txt,data/ROST-NormElip/Creanga_PungutaCuDoiBani.txt,Creanga,PungutaCuDoiBani,Creanga__PungutaCuDoiBani,7350
Creanga_SoacraCuTreiNurori.txt,data/ROST-NormElip/Creanga_SoacraCuTreiNurori.txt,Creanga,SoacraCuTreiNurori,Creanga__SoacraCuTreiNurori,13187
Creanga_UrsulPacalitDeVulpe.txt,data/ROST-NormElip/Creanga_UrsulPacalitDeVulpe.txt,Creanga,UrsulPacalitDeVulpe,Creanga__UrsulPacalitDeVulpe,3929
Delavrancea_ApaSiFoc.txt,data/ROST-NormElip/Delavrancea_ApaSiFoc.txt,Delavrancea,ApaSiFoc,Delavrancea__ApaSiFoc,12265
Delavrancea_BoacaSiOnea.txt,data/ROST-NormElip/Delavrancea_BoacaSiOnea.txt,Delavrancea,BoacaSiOnea,Delavrancea__BoacaSiOnea,24064
Delavrancea_Bunica.txt,data/ROST-NormElip/Delavrancea_Bunica.txt,Delavrancea,Bunica,Delavrancea__Bunica,5160
Delavrancea_Bunicul.txt,data/ROST-NormElip/Delavrancea_Bunicul.txt,Delavrancea,Bunicul,Delavrancea__Bunicul,3939
Delavrancea_Bursierul.txt,data/ROST-NormElip/Delavrancea_Bursierul.txt,Delavrancea,Bursierul,Delavrancea__Bursierul,33195
Delavrancea_DeAziSiDeDemult.txt,data/ROST-NormElip/Delavrancea_DeAziSiDeDemult.txt,Delavrancea,DeAziSiDeDemult,Delavrancea__DeAziSiDeDemult,17787
Delavrancea_DeparteDeparte.txt,data/ROST-NormElip/Delavrancea_DeparteDeparte.txt,Delavrancea,DeparteDeparte,Delavrancea__DeparteDeparte,24780
Delavrancea_DinMemoriileTrubadurului.txt,data/ROST-NormElip/Delavrancea_DinMemoriileTrubadurului.txt,Delavrancea,DinMemoriileTrubadurului,Delavrancea__DinMemoriileTrubadurului,46372
Delavrancea_DomnulVucea.txt,data/ROST-NormElip/Delavrancea_DomnulVucea.txt,Delavrancea,DomnulVucea,Delavrancea__DomnulVucea,29257
Delavrancea_DouaLacrimi.txt,data/ROST-NormElip/Delavrancea_DouaLacrimi.txt,Delavrancea,DouaLacrimi,Delavrancea__DouaLacrimi,3894
Delavrancea_FantaCella.txt,data/ROST-NormElip/Delavrancea_FantaCella.txt,Delavrancea,FantaCella,Delavrancea__FantaCella,10366
Delavrancea_FataMosului.txt,data/ROST-NormElip/Delavrancea_FataMosului.txt,Delavrancea,FataMosului,Delavrancea__FataMosului,22334
Delavrancea_HagiTudose.txt,data/ROST-NormElip/Delavrancea_HagiTudose.txt,Delavrancea,HagiTudose,Delavrancea__HagiTudose,29897
Delavrancea_IancuMoroi.txt,data/ROST-NormElip/Delavrancea_IancuMoroi.txt,Delavrancea,IancuMoroi,Delavrancea__IancuMoroi,34768
Delavrancea_InainteDeAlegeri.txt,data/ROST-NormElip/Delavrancea_InainteDeAlegeri.txt,Delavrancea,InainteDeAlegeri,Delavrancea__InainteDeAlegeri,25744
Delavrancea_Irinel.txt,data/ROST-NormElip/Delavrancea_Irinel.txt,Delavrancea,Irinel,Delavrancea__Irinel,24713
Delavrancea_Lene.txt,data/ROST-NormElip/Delavrancea_Lene.txt,Delavrancea,Lene,Delavrancea__Lene,8181
Delavrancea_Liniste.txt,data/ROST-NormElip/Delavrancea_Liniste.txt,Delavrancea,Liniste,Delavrancea__Liniste,82454
Delavrancea_MareleDuce.txt,data/ROST-NormElip/Delavrancea_MareleDuce.txt,Delavrancea,MareleDuce,Delavrancea__MareleDuce,5055
Delavrancea_Micutii.txt,data/ROST-NormElip/Delavrancea_Micutii.txt,Delavrancea,Micutii,Delavrancea__Micutii,8662
Delavrancea_Milogul.txt,data/ROST-NormElip/Delavrancea_Milogul.txt,Delavrancea,Milogul,Delavrancea__Milogul,15537
Delavrancea_MosCraciun.txt,data/ROST-NormElip/Delavrancea_MosCraciun.txt,Delavrancea,MosCraciun,Delavrancea__MosCraciun,12998
Delavrancea_Neghinita.txt,data/ROST-NormElip/Delavrancea_Neghinita.txt,Delavrancea,Neghinita,Delavrancea__Neghinita,18275
Delavrancea_NoroculDracului.txt,data/ROST-NormElip/Delavrancea_NoroculDracului.txt,Delavrancea,NoroculDracului,Delavrancea__NoroculDracului,18503
Delavrancea_NuEGeabaCafea.txt,data/ROST-NormElip/Delavrancea_NuEGeabaCafea.txt,Delavrancea,NuEGeabaCafea,Delavrancea__NuEGeabaCafea,36232
Delavrancea_Odinioara.txt,data/ROST-NormElip/Delavrancea_Odinioara.txt,Delavrancea,Odinioara,Delavrancea__Odinioara,6655
Delavrancea_PalatulDeClestar.txt,data/ROST-NormElip/Delavrancea_PalatulDeClestar.txt,Delavrancea,PalatulDeClestar,Delavrancea__PalatulDeClestar,14379
Delavrancea_Parazitii.txt,data/ROST-NormElip/Delavrancea_Parazitii.txt,Delavrancea,Parazitii,Delavrancea__Parazitii,109493
Delavrancea_Poveste.txt,data/ROST-NormElip/Delavrancea_Poveste.txt,Delavrancea,Poveste,Delavrancea__Poveste,17568
Delavrancea_PravoslavniculSiSlaninile.txt,data/ROST-NormElip/Delavrancea_PravoslavniculSiSlaninile.txt,Delavrancea,PravoslavniculSiSlaninile,Delavrancea__PravoslavniculSiSlaninile,4872
Delavrancea_Razmirita.txt,data/ROST-NormElip/Delavrancea_Razmirita.txt,Delavrancea,Razmirita,Delavrancea__Razmirita,9703
Delavrancea_SadiElMahib.txt,data/ROST-NormElip/Delavrancea_SadiElMahib.txt,Delavrancea,SadiElMahib,Delavrancea__SadiElMahib,12298
Delavrancea_Sentino.txt,data/ROST-NormElip/Delavrancea_Sentino.txt,Delavrancea,Sentino,Delavrancea__Sentino,9526
Delavrancea_Sorcova.txt,data/ROST-NormElip/Delavrancea_Sorcova.txt,Delavrancea,Sorcova,Delavrancea__Sorcova,8424
Delavrancea_StapaneaOdata.txt,data/ROST-NormElip/Delavrancea_StapaneaOdata.txt,Delavrancea,StapaneaOdata,Delavrancea__StapaneaOdata,35652
Delavrancea_Suer.txt,data/ROST-NormElip/Delavrancea_Suer.txt,Delavrancea,Suer,Delavrancea__Suer,8441
Delavrancea_Sultanica.txt,data/ROST-NormElip/Delavrancea_Sultanica.txt,Delavrancea,Sultanica,Delavrancea__Sultanica,40021
Delavrancea_Susana.txt,data/ROST-NormElip/Delavrancea_Susana.txt,Delavrancea,Susana,Delavrancea__Susana,12044
Delavrancea_Trubadurul.txt,data/ROST-NormElip/Delavrancea_Trubadurul.txt,Delavrancea,Trubadurul,Delavrancea__Trubadurul,41326
Delavrancea_Vacantie.txt,data/ROST-NormElip/Delavrancea_Vacantie.txt,Delavrancea,Vacantie,Delavrancea__Vacantie,45727
Delavrancea_Vaduvele.txt,data/ROST-NormElip/Delavrancea_Vaduvele.txt,Delavrancea,Vaduvele,Delavrancea__Vaduvele,24366
Delavrancea_Zigzag.txt,data/ROST-NormElip/Delavrancea_Zigzag.txt,Delavrancea,Zigzag,Delavrancea__Zigzag,57088
Delavrancea_Zobie.txt,data/ROST-NormElip/Delavrancea_Zobie.txt,Delavrancea,Zobie,Delavrancea__Zobie,13561
Eminescu_Archaeus.txt,data/ROST-NormElip/Eminescu_Archaeus.txt,Eminescu,Archaeus,Eminescu__Archaeus,21727
Eminescu_AurMarireSiAmor.txt,data/ROST-NormElip/Eminescu_AurMarireSiAmor.txt,Eminescu,AurMarireSiAmor,Eminescu__AurMarireSiAmor,15422
Eminescu_AvatariiFaraonuluiTla.txt,data/ROST-NormElip/Eminescu_AvatariiFaraonuluiTla.txt,Eminescu,AvatariiFaraonuluiTla,Eminescu__AvatariiFaraonuluiTla,91274
Eminescu_BortaVantului.txt,data/ROST-NormElip/Eminescu_BortaVantului.txt,Eminescu,BortaVantului,Eminescu__BortaVantului,3996
Eminescu_CalinNebunul.txt,data/ROST-NormElip/Eminescu_CalinNebunul.txt,Eminescu,CalinNebunul,Eminescu__CalinNebunul,17219
Eminescu_Cezara.txt,data/ROST-NormElip/Eminescu_Cezara.txt,Eminescu,Cezara,Eminescu__Cezara,58591
Eminescu_ComoaraMisterioasa.txt,data/ROST-NormElip/Eminescu_ComoaraMisterioasa.txt,Eminescu,ComoaraMisterioasa,Eminescu__ComoaraMisterioasa,33038
Eminescu_Contrapagina.txt,data/ROST-NormElip/Eminescu_Contrapagina.txt,Eminescu,Contrapagina,Eminescu__Contrapagina,8665
Eminescu_DupaAceastaIntamplareMinunata.txt,data/ROST-NormElip/Eminescu_DupaAceastaIntamplareMinunata.txt,Eminescu,DupaAceastaIntamplareMinunata,Eminescu__DupaAceastaIntamplareMinunata,7897
Eminescu_FatFrumosDinLacrima.txt,data/ROST-NormElip/Eminescu_FatFrumosDinLacrima.txt,Eminescu,FatFrumosDinLacrima,Eminescu__FatFrumosDinLacrima,39627
Eminescu_FinulLuiDumnezeu.txt,data/ROST-NormElip/Eminescu_FinulLuiDumnezeu.txt,Eminescu,FinulLuiDumnezeu,Eminescu__FinulLuiDumnezeu,15813
Eminescu_Fragmentarium.txt,data/ROST-NormElip/Eminescu_Fragmentarium.txt,Eminescu,Fragmentarium,Eminescu__Fragmentarium,6083
Eminescu_FrumoasaLumii.txt,data/ROST-NormElip/Eminescu_FrumoasaLumii.txt,Eminescu,FrumoasaLumii,Eminescu__FrumoasaLumii,24199
Eminescu_GeniuPustiu.txt,data/ROST-NormElip/Eminescu_GeniuPustiu.txt,Eminescu,GeniuPustiu,Eminescu__GeniuPustiu,170837
Eminescu_IconostasSiFragmentarium.txt,data/ROST-NormElip/Eminescu_IconostasSiFragmentarium.txt,Eminescu,IconostasSiFragmentarium,Eminescu__IconostasSiFragmentarium,24141
Eminescu_LaAniversara.txt,data/ROST-NormElip/Eminescu_LaAniversara.txt,Eminescu,LaAniversara,Eminescu__LaAniversara,9903
Eminescu_LaCurteaCuconuluiVasileCreanga.txt,data/ROST-NormElip/Eminescu_LaCurteaCuconuluiVasileCreanga.txt,Eminescu,LaCurteaCuconuluiVasileCreanga,Eminescu__LaCurteaCuconuluiVasileCreanga,22207
Eminescu_LegendaCantaretului.txt,data/ROST-NormElip/Eminescu_LegendaCantaretului.txt,Eminescu,LegendaCantaretului,Eminescu__LegendaCantaretului,2543
Eminescu_MoarteaLuiIoanVestimie.txt,data/ROST-NormElip/Eminescu_MoarteaLuiIoanVestimie.txt,Eminescu,MoarteaLuiIoanVestimie,Eminescu__MoarteaLuiIoanVestimie,11778
Eminescu_MosIosif.txt,data/ROST-NormElip/Eminescu_MosIosif.txt,Eminescu,MosIosif,Eminescu__MosIosif,7528
Eminescu_ParinteleErmolachieChisalita.txt,data/ROST-NormElip/Eminescu_ParinteleErmolachieChisalita.txt,Eminescu,ParinteleErmolachieChisalita,Eminescu__ParinteleErmolachieChisalita,8309
Eminescu_PePodeleleReciDeCaramida.txt,data/ROST-NormElip/Eminescu_PePodeleleReciDeCaramida.txt,Eminescu,PePodeleleReciDeCaramida,Eminescu__PePodeleleReciDeCaramida,11569
Eminescu_Poesis.txt,data/ROST-NormElip/Eminescu_Poesis.txt,Eminescu,Poesis,Eminescu__Poesis,5634
Eminescu_SarmanulDionis.txt,data/ROST-NormElip/Eminescu_SarmanulDionis.txt,Eminescu,SarmanulDionis,Eminescu__SarmanulDionis,84193
Eminescu_TassoNScotia.txt,data/ROST-NormElip/Eminescu_TassoNScotia.txt,Eminescu,TassoNScotia,Eminescu__TassoNScotia,165238
Eminescu_UmbraMea.txt,data/ROST-NormElip/Eminescu_UmbraMea.txt,Eminescu,UmbraMea,Eminescu__UmbraMea,10703
Eminescu_VasilieFinulLuiDumnezeu.txt,data/ROST-NormElip/Eminescu_VasilieFinulLuiDumnezeu.txt,Eminescu,VasilieFinulLuiDumnezeu,Eminescu__VasilieFinulLuiDumnezeu,9167
Filimon_ArteleSiStiintileInRomania.txt,data/ROST-NormElip/Filimon_ArteleSiStiintileInRomania.txt,Filimon,ArteleSiStiintileInRomania,Filimon__ArteleSiStiintileInRomania,7077
Filimon_AscanioSiEleonora.txt,data/ROST-NormElip/Filimon_AscanioSiEleonora.txt,Filimon,AscanioSiEleonora,Filimon__AscanioSiEleonora,28623
Filimon_BabaHirca.txt,data/ROST-NormElip/Filimon_BabaHirca.txt,Filimon,BabaHirca,Filimon__BabaHirca,8128
Filimon_CiocoiiVechiSiNoi-CheraDuduca.txt,data/ROST-NormElip/Filimon_CiocoiiVechiSiNoi-CheraDuduca.txt,Filimon,CiocoiiVechiSiNoi-CheraDuduca,Filimon__CiocoiiVechiSiNoi,14284
Filimon_CiocoiiVechiSiNoi-DinuPaturica.txt,data/ROST-NormElip/Filimon_CiocoiiVechiSiNoi-DinuPaturica.txt,Filimon,CiocoiiVechiSiNoi-DinuPaturica,Filimon__CiocoiiVechiSiNoi,7679
Filimon_CiocoiiVechiSiNoi-EducatiuneaCiocoiului.txt,data/ROST-NormElip/Filimon_CiocoiiVechiSiNoi-EducatiuneaCiocoiului.txt,Filimon,CiocoiiVechiSiNoi-EducatiuneaCiocoiului,Filimon__CiocoiiVechiSiNoi,14850
Filimon_CiocoiiVechiSiNoi-IpocritiiInLupta.txt,data/ROST-NormElip/Filimon_CiocoiiVechiSiNoi-IpocritiiInLupta.txt,Filimon,CiocoiiVechiSiNoi-IpocritiiInLupta,Filimon__CiocoiiVechiSiNoi,13478
Filimon_CiocoiiVechiSiNoi-PostelniculAndronacheTuzluc.txt,data/ROST-NormElip/Filimon_CiocoiiVechiSiNoi-PostelniculAndronacheTuzluc.txt,Filimon,CiocoiiVechiSiNoi-PostelniculAndronacheTuzluc,Filimon__CiocoiiVechiSiNoi,18190
Filimon_CiocoiiVechiSiNoi-RomanulSiFanariotul.txt,data/ROST-NormElip/Filimon_CiocoiiVechiSiNoi-RomanulSiFanariotul.txt,Filimon,CiocoiiVechiSiNoi-RomanulSiFanariotul,Filimon__CiocoiiVechiSiNoi,4668
Filimon_DespreNouaTrupaItaliana.txt,data/ROST-NormElip/Filimon_DespreNouaTrupaItaliana.txt,Filimon,DespreNouaTrupaItaliana,Filimon__DespreNouaTrupaItaliana,8983
Filimon_DespreTeatrulItalian.txt,data/ROST-NormElip/Filimon_DespreTeatrulItalian.txt,Filimon,DespreTeatrulItalian,Filimon__DespreTeatrulItalian,7854
Filimon_DespreTeatrulItalian2.txt,data/ROST-NormElip/Filimon_DespreTeatrulItalian2.txt,Filimon,DespreTeatrulItalian2,Filimon__DespreTeatrulItalian2,14420
Filimon_DespreTeatrulItalianImpresiuni1858.txt,data/ROST-NormElip/Filimon_DespreTeatrulItalianImpresiuni1858.txt,Filimon,DespreTeatrulItalianImpresiuni1858,Filimon__DespreTeatrulItalianImpresiuni1858,8298
Filimon_DonPasqualeOperaComicaInTreiActe.txt,data/ROST-NormElip/Filimon_DonPasqualeOperaComicaInTreiActe.txt,Filimon,DonPasqualeOperaComicaInTreiActe,Filimon__DonPasqualeOperaComicaInTreiActe,7549
Filimon_ErnaniOperaSerieIn4Acte.txt,data/ROST-NormElip/Filimon_ErnaniOperaSerieIn4Acte.txt,Filimon,ErnaniOperaSerieIn4Acte,Filimon__ErnaniOperaSerieIn4Acte,3090
Filimon_GhibeliniSiGuelfiSauDiferitePartideMuzicale.txt,data/ROST-NormElip/Filimon_GhibeliniSiGuelfiSauDiferitePartideMuzicale.txt,Filimon,GhibeliniSiGuelfiSauDiferitePartideMuzicale,Filimon__GhibeliniSiGuelfiSauDiferitePartideMuzicale,9217
Filimon_IlBarbiereDiSevilla.txt,data/ROST-NormElip/Filimon_IlBarbiereDiSevilla.txt,Filimon,IlBarbiereDiSevilla,Filimon__IlBarbiereDiSevilla,10649
Filimon_ImpresiuniDeLaOperaFavoritaDeDonizetti.txt,data/ROST-NormElip/Filimon_ImpresiuniDeLaOperaFavoritaDeDonizetti.txt,Filimon,ImpresiuniDeLaOperaFavoritaDeDonizetti,Filimon__ImpresiuniDeLaOperaFavoritaDeDonizetti,8631
Filimon_InfluentaCometuluiAsupraArtistilor.txt,data/ROST-NormElip/Filimon_InfluentaCometuluiAsupraArtistilor.txt,Filimon,InfluentaCometuluiAsupraArtistilor,Filimon__InfluentaCometuluiAsupraArtistilor,8492
Filimon_JoculBanatean.txt,data/ROST-NormElip/Filimon_JoculBanatean.txt,Filimon,JoculBanatean,Filimon__JoculBanatean,8494
Filimon_LautariiSiCompozitiunileLor.txt,data/ROST-NormElip/Filimon_LautariiSiCompozitiunileLor.txt,Filimon,LautariiSiCompozitiunileLor,Filimon__LautariiSiCompozitiunileLor,12565
Filimon_LuciaDiLammermoor.txt,data/ROST-NormElip/Filimon_LuciaDiLammermoor.txt,Filimon,LuciaDiLammermoor,Filimon__LuciaDiLammermoor,8945
Filimon_MateoCipriani.txt,data/ROST-NormElip/Filimon_MateoCipriani.txt,Filimon,MateoCipriani,Filimon__MateoCipriani,72778
Filimon_NenorocirileUnuiSlujnicarSauGentilomiiDeMahala.txt,data/ROST-NormElip/Filimon_NenorocirileUnuiSlujnicarSauGentilomiiDeMahala.txt,Filimon,NenorocirileUnuiSlujnicarSauGentilomiiDeMahala,Filimon__NenorocirileUnuiSlujnicarSauGentilomiiDeMahala,61269
Filimon_OCantatritaDeUlita.txt,data/ROST-NormElip/Filimon_OCantatritaDeUlita.txt,Filimon,OCantatritaDeUlita,Filimon__OCantatritaDeUlita,12393
Filimon_OmulDeFloriCuBarbaDeMatase.txt,data/ROST-NormElip/Filimon_OmulDeFloriCuBarbaDeMatase.txt,Filimon,OmulDeFloriCuBarbaDeMatase,Filimon__OmulDeFloriCuBarbaDeMatase,18994
Filimon_OmulDePiatra.txt,data/ROST-NormElip/Filimon_OmulDePiatra.txt,Filimon,OmulDePiatra,Filimon__OmulDePiatra,14832
Filimon_OrasulBergamoSiMonumentulMaestruluiGDonizetti.txt,data/ROST-NormElip/Filimon_OrasulBergamoSiMonumentulMaestruluiGDonizetti.txt,Filimon,OrasulBergamoSiMonumentulMaestruluiGDonizetti,Filimon__OrasulBergamoSiMonumentulMaestruluiGDonizetti,36096
Filimon_ParalelismIntreFostaDirectiuneSiCeleDeAstazi.txt,data/ROST-NormElip/Filimon_ParalelismIntreFostaDirectiuneSiCeleDeAstazi.txt,Filimon,ParalelismIntreFostaDirectiuneSiCeleDeAstazi,Filimon__ParalelismIntreFostaDirectiuneSiCeleDeAstazi,8040
Filimon_RomanNazdravan.txt,data/ROST-NormElip/Filimon_RomanNazdravan.txt,Filimon,RomanNazdravan,Filimon__RomanNazdravan,10541
Filimon_SchitaBiograficaAsupraCelebruluiViolonistPaganini.txt,data/ROST-NormElip/Filimon_SchitaBiograficaAsupraCelebruluiViolonistPaganini.txt,Filimon,SchitaBiograficaAsupraCelebruluiViolonistPaganini,Filimon__SchitaBiograficaAsupraCelebruluiViolonistPaganini,34605
Filimon_SchitaBiograficaAsupraMaestruluiBellini.txt,data/ROST-NormElip/Filimon_SchitaBiograficaAsupraMaestruluiBellini.txt,Filimon,SchitaBiograficaAsupraMaestruluiBellini,Filimon__SchitaBiograficaAsupraMaestruluiBellini,9538
Filimon_SchitaDinViataSiScrierileDonizetti.txt,data/ROST-NormElip/Filimon_SchitaDinViataSiScrierileDonizetti.txt,Filimon,SchitaDinViataSiScrierileDonizetti,Filimon__SchitaDinViataSiScrierileDonizetti,9711
Filimon_SchiteTraseDinViataSiScrierileMuzicaleVerdi.txt,data/ROST-NormElip/Filimon_SchiteTraseDinViataSiScrierileMuzicaleVerdi.txt,Filimon,SchiteTraseDinViataSiScrierileMuzicaleVerdi,Filimon__SchiteTraseDinViataSiScrierileMuzicaleVerdi,20559
Garleanu_CaSoarele.txt,data/ROST-NormElip/Garleanu_CaSoarele.txt,Garleanu,CaSoarele,Garleanu__CaSoarele,2874
Garleanu_Calatoare.txt,data/ROST-NormElip/Garleanu_Calatoare.txt,Garleanu,Calatoare,Garleanu__Calatoare,3988
Garleanu_Calul.txt,data/ROST-NormElip/Garleanu_Calul.txt,Garleanu,Calul,Garleanu__Calul,6656
Garleanu_CandStapanulNuIAcasa.txt,data/ROST-NormElip/Garleanu_CandStapanulNuIAcasa.txt,Garleanu,CandStapanulNuIAcasa,Garleanu__CandStapanulNuIAcasa,3773
Garleanu_Cantaretul.txt,data/ROST-NormElip/Garleanu_Cantaretul.txt,Garleanu,Cantaretul,Garleanu__Cantaretul,2589
Garleanu_Caprioara.txt,data/ROST-NormElip/Garleanu_Caprioara.txt,Garleanu,Caprioara,Garleanu__Caprioara,2368
Garleanu_CatUnFirDeNeghina.txt,data/ROST-NormElip/Garleanu_CatUnFirDeNeghina.txt,Garleanu,CatUnFirDeNeghina,Garleanu__CatUnFirDeNeghina,3466
Garleanu_CeaDintaiDurere.txt,data/ROST-NormElip/Garleanu_CeaDintaiDurere.txt,Garleanu,CeaDintaiDurere,Garleanu__CeaDintaiDurere,8793
Garleanu_CiocCiocCioc.txt,data/ROST-NormElip/Garleanu_CiocCiocCioc.txt,Garleanu,CiocCiocCioc,Garleanu__CiocCiocCioc,4358
Garleanu_Cocosul.txt,data/ROST-NormElip/Garleanu_Cocosul.txt,Garleanu,Cocosul,Garleanu__Cocosul,3680
Garleanu_Comoara.txt,data/ROST-NormElip/Garleanu_Comoara.txt,Garleanu,Comoara,Garleanu__Comoara,8202
Garleanu_DupaAsemanareaLor.txt,data/ROST-NormElip/Garleanu_DupaAsemanareaLor.txt,Garleanu,DupaAsemanareaLor,Garleanu__DupaAsemanareaLor,3428
Garleanu_Filozoful.txt,data/ROST-NormElip/Garleanu_Filozoful.txt,Garleanu,Filozoful,Garleanu__Filozoful,2636
Garleanu_Fricosul.txt,data/ROST-NormElip/Garleanu_Fricosul.txt,Garleanu,Fricosul,Garleanu__Fricosul,1747
Garleanu_Frunza.txt,data/ROST-NormElip/Garleanu_Frunza.txt,Garleanu,Frunza,Garleanu__Frunza,4404
Garleanu_Furnica.txt,data/ROST-NormElip/Garleanu_Furnica.txt,Garleanu,Furnica,Garleanu__Furnica,19034
Garleanu_Gandacelul.txt,data/ROST-NormElip/Garleanu_Gandacelul.txt,Garleanu,Gandacelul,Garleanu__Gandacelul,3095
Garleanu_Gaza.txt,data/ROST-NormElip/Garleanu_Gaza.txt,Garleanu,Gaza,Garleanu__Gaza,4548
Garleanu_Grivei.txt,data/ROST-NormElip/Garleanu_Grivei.txt,Garleanu,Grivei,Garleanu__Grivei,4163
Garleanu_Hoinar.txt,data/ROST-NormElip/Garleanu_Hoinar.txt,Garleanu,Hoinar,Garleanu__Hoinar,5639
Garleanu_InCurteaMea.txt,data/ROST-NormElip/Garleanu_InCurteaMea.txt,Garleanu,InCurteaMea,Garleanu__InCurteaMea,4181
Garleanu_InFelDeFelDeFete.txt,data/ROST-NormElip/Garleanu_InFelDeFelDeFete.txt,Garleanu,InFelDeFelDeFete,Garleanu__InFelDeFelDeFete,5937
Garleanu_Luptatorii.txt,data/ROST-NormElip/Garleanu_Luptatorii.txt,Garleanu,Luptatorii,Garleanu__Luptatorii,3791
Garleanu_MaiSus.txt,data/ROST-NormElip/Garleanu_MaiSus.txt,Garleanu,MaiSus,Garleanu__MaiSus,1883
Garleanu_Marinimie.txt,data/ROST-NormElip/Garleanu_Marinimie.txt,Garleanu,Marinimie,Garleanu__Marinimie,1624
Garleanu_MesterulDeOglinzi.txt,data/ROST-NormElip/Garleanu_MesterulDeOglinzi.txt,Garleanu,MesterulDeOglinzi,Garleanu__MesterulDeOglinzi,4188
Garleanu_Musafirul.txt,data/ROST-NormElip/Garleanu_Musafirul.txt,Garleanu,Musafirul,Garleanu__Musafirul,2046
Garleanu_Musculita.txt,data/ROST-NormElip/Garleanu_Musculita.txt,Garleanu,Musculita,Garleanu__Musculita,2777
Garleanu_Nedespartite.txt,data/ROST-NormElip/Garleanu_Nedespartite.txt,Garleanu,Nedespartite,Garleanu__Nedespartite,2429
Garleanu_ORaza.txt,data/ROST-NormElip/Garleanu_ORaza.txt,Garleanu,ORaza,Garleanu__ORaza,2676
Garleanu_OmMilostiv.txt,data/ROST-NormElip/Garleanu_OmMilostiv.txt,Garleanu,OmMilostiv,Garleanu__OmMilostiv,12043
Garleanu_Parasita.txt,data/ROST-NormElip/Garleanu_Parasita.txt,Garleanu,Parasita,Garleanu__Parasita,5085
Garleanu_PasareDeNoapte.txt,data/ROST-NormElip/Garleanu_PasareDeNoapte.txt,Garleanu,PasareDeNoapte,Garleanu__PasareDeNoapte,2641
Garleanu_Primavara.txt,data/ROST-NormElip/Garleanu_Primavara.txt,Garleanu,Primavara,Garleanu__Primavara,8327
Garleanu_Punga.txt,data/ROST-NormElip/Garleanu_Punga.txt,Garleanu,Punga,Garleanu__Punga,21243
Garleanu_Saracutul.txt,data/ROST-NormElip/Garleanu_Saracutul.txt,Garleanu,Saracutul,Garleanu__Saracutul,2707
Garleanu_Singuraticii.txt,data/ROST-NormElip/Garleanu_Singuraticii.txt,Garleanu,Singuraticii,Garleanu__Singuraticii,1619
Garleanu_Sortas.txt,data/ROST-NormElip/Garleanu_Sortas.txt,Garleanu,Sortas,Garleanu__Sortas,5403
Garleanu_Tovarasii.txt,data/ROST-NormElip/Garleanu_Tovarasii.txt,Garleanu,Tovarasii,Garleanu__Tovarasii,4469
Garleanu_Trandafirul.txt,data/ROST-NormElip/Garleanu_Trandafirul.txt,Garleanu,Trandafirul,Garleanu__Trandafirul,3052
Garleanu_Ucigasul.txt,data/ROST-NormElip/Garleanu_Ucigasul.txt,Garleanu,Ucigasul,Garleanu__Ucigasul,5908
Garleanu_Voinicul.txt,data/ROST-NormElip/Garleanu_Voinicul.txt,Garleanu,Voinicul,Garleanu__Voinicul,2104
Garleanu_Vulturul.txt,data/ROST-NormElip/Garleanu_Vulturul.txt,Garleanu,Vulturul,Garleanu__Vulturul,3543
Ispirescu_AdvocatulGonitDinRai.txt,data/ROST-NormElip/Ispirescu_AdvocatulGonitDinRai.txt,Ispirescu,AdvocatulGonitDinRai,Ispirescu__AdvocatulGonitDinRai,5641
Ispirescu_AleodorImparat.txt,data/ROST-NormElip/Ispirescu_AleodorImparat.txt,Ispirescu,AleodorImparat,Ispirescu__AleodorImparat,12387
Ispirescu_BaiatulCelBubosSiGhigortul.txt,data/ROST-NormElip/Ispirescu_BaiatulCelBubosSiGhigortul.txt,Ispirescu,BaiatulCelBubosSiGhigortul,Ispirescu__BaiatulCelBubosSiGhigortul,11214
Ispirescu_BalaurulCelCuSapteCapete.txt,data/ROST-NormElip/Ispirescu_BalaurulCelCuSapteCapete.txt,Ispirescu,BalaurulCelCuSapteCapete,Ispirescu__BalaurulCelCuSapteCapete,10026
Ispirescu_BroascaTestoasaCeaFermecata.txt,data/ROST-NormElip/Ispirescu_BroascaTestoasaCeaFermecata.txt,Ispirescu,BroascaTestoasaCeaFermecata,Ispirescu__BroascaTestoasaCeaFermecata,14021
Ispirescu_CeiTreiFratiImparati.txt,data/ROST-NormElip/Ispirescu_CeiTreiFratiImparati.txt,Ispirescu,CeiTreiFratiImparati,Ispirescu__CeiTreiFratiImparati,32440
Ispirescu_CeleDouasprezeceFeteDeImparatSiPalatulCelFermecat.txt,data/ROST-NormElip/Ispirescu_CeleDouasprezeceFeteDeImparatSiPalatulCelFermecat.txt,Ispirescu,CeleDouasprezeceFeteDeImparatSiPalatulCelFermecat,Ispirescu__CeleDouasprezeceFeteDeImparatSiPalatulCelFermecat,24787
Ispirescu_CeleTreiRodiiAurite.txt,data/ROST-NormElip/Ispirescu_CeleTreiRodiiAurite.txt,Ispirescu,CeleTreiRodiiAurite,Ispirescu__CeleTreiRodiiAurite,15715
Ispirescu_CiobanasulCelIstetSauTurloaieleBlendei.txt,data/ROST-NormElip/Ispirescu_CiobanasulCelIstetSauTurloaieleBlendei.txt,Ispirescu,CiobanasulCelIstetSauTurloaieleBlendei,Ispirescu__CiobanasulCelIstetSauTurloaieleBlendei,18390
Ispirescu_CopiiiVaduvuluiSiIepureleVulpeaLupulSiUrsul.txt,data/ROST-NormElip/Ispirescu_CopiiiVaduvuluiSiIepureleVulpeaLupulSiUrsul.txt,Ispirescu,CopiiiVaduvuluiSiIepureleVulpeaLupulSiUrsul,Ispirescu__CopiiiVaduvuluiSiIepureleVulpeaLupulSiUrsul,22812
Ispirescu_CopilulCelIstet.txt,data/ROST-NormElip/Ispirescu_CopilulCelIstet.txt,Ispirescu,CopilulCelIstet,Ispirescu__CopilulCelIstet,8072
Ispirescu_CotosmanNazdravanu.txt,data/ROST-NormElip/Ispirescu_CotosmanNazdravanu.txt,Ispirescu,CotosmanNazdravanu,Ispirescu__CotosmanNazdravanu,17328
Ispirescu_FatFrumosCelRatacit.txt,data/ROST-NormElip/Ispirescu_FatFrumosCelRatacit.txt,Ispirescu,FatFrumosCelRatacit,Ispirescu__FatFrumosCelRatacit,24539
Ispirescu_FatFrumosCuCarataDeSticla.txt,data/ROST-NormElip/Ispirescu_FatFrumosCuCarataDeSticla.txt,Ispirescu,FatFrumosCuCarataDeSticla,Ispirescu__FatFrumosCuCarataDeSticla,17054
Ispirescu_FatFrumosCuParulDeAur.txt,data/ROST-NormElip/Ispirescu_FatFrumosCuParulDeAur.txt,Ispirescu,FatFrumosCuParulDeAur,Ispirescu__FatFrumosCuParulDeAur,25106
Ispirescu_FataCuPiezeRele.txt,data/ROST-NormElip/Ispirescu_FataCuPiezeRele.txt,Ispirescu,FataCuPiezeRele,Ispirescu__FataCuPiezeRele,14737
Ispirescu_FataDeImparatSiFiulVaduvei.txt,data/ROST-NormElip/Ispirescu_FataDeImparatSiFiulVaduvei.txt,Ispirescu,FataDeImparatSiFiulVaduvei,Ispirescu__FataDeImparatSiFiulVaduvei,8977
Ispirescu_FataMosuluiCeaCuminte.txt,data/ROST-NormElip/Ispirescu_FataMosuluiCeaCuminte.txt,Ispirescu,FataMosuluiCeaCuminte,Ispirescu__FataMosuluiCeaCuminte,7177
Ispirescu_FataSaraculuiCeaIsteata.txt,data/ROST-NormElip/Ispirescu_FataSaraculuiCeaIsteata.txt,Ispirescu,FataSaraculuiCeaIsteata,Ispirescu__FataSaraculuiCeaIsteata,14804
Ispirescu_Gainareasa.txt,data/ROST-NormElip/Ispirescu_Gainareasa.txt,Ispirescu,Gainareasa,Ispirescu__Gainareasa,11980
Ispirescu_GeorgeCelViteaz.txt,data/ROST-NormElip/Ispirescu_GeorgeCelViteaz.txt,Ispirescu,GeorgeCelViteaz,Ispirescu__GeorgeCelViteaz,22973
Ispirescu_Greuceanu.txt,data/ROST-NormElip/Ispirescu_Greuceanu.txt,Ispirescu,Greuceanu,Ispirescu__Greuceanu,19590
Ispirescu_HotuImparat.txt,data/ROST-NormElip/Ispirescu_HotuImparat.txt,Ispirescu,HotuImparat,Ispirescu__HotuImparat,23618
Ispirescu_IleanaSimziana.txt,data/ROST-NormElip/Ispirescu_IleanaSimziana.txt,Ispirescu,IleanaSimziana,Ispirescu__IleanaSimziana,39569
Ispirescu_InsirTeMargaritari.txt,data/ROST-NormElip/Ispirescu_InsirTeMargaritari.txt,Ispirescu,InsirTeMargaritari,Ispirescu__InsirTeMargaritari,15018
Ispirescu_LuceafarulDeZiuaSiLuceafarulDeNoapte.txt,data/ROST-NormElip/Ispirescu_LuceafarulDeZiuaSiLuceafarulDeNoapte.txt,Ispirescu,LuceafarulDeZiuaSiLuceafarulDeNoapte,Ispirescu__LuceafarulDeZiuaSiLuceafarulDeNoapte,10272
Ispirescu_LupulCelNazdravanSiFatFrumos.txt,data/ROST-NormElip/Ispirescu_LupulCelNazdravanSiFatFrumos.txt,Ispirescu,LupulCelNazdravanSiFatFrumos,Ispirescu__LupulCelNazdravanSiFatFrumos,16634
Ispirescu_NumaiCuViteleSeScoateSaraciaDinCasa.txt,data/ROST-NormElip/Ispirescu_NumaiCuViteleSeScoateSaraciaDinCasa.txt,Ispirescu,NumaiCuViteleSeScoateSaraciaDinCasa,Ispirescu__NumaiCuViteleSeScoateSaraciaDinCasa,8860
Ispirescu_PasareaMaiastra.txt,data/ROST-NormElip/Ispirescu_PasareaMaiastra.txt,Ispirescu,PasareaMaiastra,Ispirescu__PasareaMaiastra,19644
Ispirescu_PorculCelFermecat.txt,data/ROST-NormElip/Ispirescu_PorculCelFermecat.txt,Ispirescu,PorculCelFermecat,Ispirescu__PorculCelFermecat,22859
Ispirescu_PovesteTaraneasca.txt,data/ROST-NormElip/Ispirescu_PovesteTaraneasca.txt,Ispirescu,PovesteTaraneasca,Ispirescu__PovesteTaraneasca,23161
Ispirescu_PrasleaCelVoinicSiMereleDeAur.txt,data/ROST-NormElip/Ispirescu_PrasleaCelVoinicSiMereleDeAur.txt,Ispirescu,PrasleaCelVoinicSiMereleDeAur,Ispirescu__PrasleaCelVoinicSiMereleDeAur,23671
Ispirescu_SareaInBucate.txt,data/ROST-NormElip/Ispirescu_SareaInBucate.txt,Ispirescu,SareaInBucate,Ispirescu__SareaInBucate,13128
Ispirescu_TapulSiSarpele.txt,data/ROST-NormElip/Ispirescu_TapulSiSarpele.txt,Ispirescu,TapulSiSarpele,Ispirescu__TapulSiSarpele,2152
Ispirescu_TinereteFaraBatraneteSiViataFaraDeMoarte.txt,data/ROST-NormElip/Ispirescu_TinereteFaraBatraneteSiViataFaraDeMoarte.txt,Ispirescu,TinereteFaraBatraneteSiViataFaraDeMoarte,Ispirescu__TinereteFaraBatraneteSiViataFaraDeMoarte,18136
Ispirescu_TuguleaFiulUnchiasuluiSiAlMatusei.txt,data/ROST-NormElip/Ispirescu_TuguleaFiulUnchiasuluiSiAlMatusei.txt,Ispirescu,TuguleaFiulUnchiasuluiSiAlMatusei,Ispirescu__TuguleaFiulUnchiasuluiSiAlMatusei,34136
Ispirescu_VoiniculCelCuCarteaInManaNascut.txt,data/ROST-NormElip/Ispirescu_VoiniculCelCuCarteaInManaNascut.txt,Ispirescu,VoiniculCelCuCarteaInManaNascut,Ispirescu__VoiniculCelCuCarteaInManaNascut,31065
Ispirescu_VoiniculCelFaraDeTata.txt,data/ROST-NormElip/Ispirescu_VoiniculCelFaraDeTata.txt,Ispirescu,VoiniculCelFaraDeTata,Ispirescu__VoiniculCelFaraDeTata,22825
Ispirescu_ZanaMuntilor.txt,data/ROST-NormElip/Ispirescu_ZanaMuntilor.txt,Ispirescu,ZanaMuntilor,Ispirescu__ZanaMuntilor,10290
Ispirescu_ZanaZanelor.txt,data/ROST-NormElip/Ispirescu_ZanaZanelor.txt,Ispirescu,ZanaZanelor,Ispirescu__ZanaZanelor,13007
Oltean_ADouaSansa.txt,data/ROST-NormElip/Oltean_ADouaSansa.txt,Oltean,ADouaSansa,Oltean__ADouaSansa,1218
Oltean_AbiaAstept.txt,data/ROST-NormElip/Oltean_AbiaAstept.txt,Oltean,AbiaAstept,Oltean__AbiaAstept,1066
Oltean_Alegerea.txt,data/ROST-NormElip/Oltean_Alegerea.txt,Oltean,Alegerea,Oltean__Alegerea,1529
Oltean_AnulNou.txt,data/ROST-NormElip/Oltean_AnulNou.txt,Oltean,AnulNou,Oltean__AnulNou,6975
Oltean_Azorel.txt,data/ROST-NormElip/Oltean_Azorel.txt,Oltean,Azorel,Oltean__Azorel,11825
Oltean_BucuriaCreatiei.txt,data/ROST-NormElip/Oltean_BucuriaCreatiei.txt,Oltean,BucuriaCreatiei,Oltean__BucuriaCreatiei,651
Oltean_CeSeIntamplaCuOameniiBatrani.txt,data/ROST-NormElip/Oltean_CeSeIntamplaCuOameniiBatrani.txt,Oltean,CeSeIntamplaCuOameniiBatrani,Oltean__CeSeIntamplaCuOameniiBatrani,1627
Oltean_CineMaiCredeInOm.txt,data/ROST-NormElip/Oltean_CineMaiCredeInOm.txt,Oltean,CineMaiCredeInOm,Oltean__CineMaiCredeInOm,6984
Oltean_CumSAuNascutColindele.txt,data/ROST-NormElip/Oltean_CumSAuNascutColindele.txt,Oltean,CumSAuNascutColindele,Oltean__CumSAuNascutColindele,2715
Oltean_DeCeMurim.txt,data/ROST-NormElip/Oltean_DeCeMurim.txt,Oltean,DeCeMurim,Oltean__DeCeMurim,3833
Oltean_DoarOInmormantare.txt,data/ROST-NormElip/Oltean_DoarOInmormantare.txt,Oltean,DoarOInmormantare,Oltean__DoarOInmormantare,863
Oltean_DragosteDePloaie.txt,data/ROST-NormElip/Oltean_DragosteDePloaie.txt,Oltean,DragosteDePloaie,Oltean__DragosteDePloaie,2301
Oltean_DragosteFurata.txt,data/ROST-NormElip/Oltean_DragosteFurata.txt,Oltean,DragosteFurata,Oltean__DragosteFurata,6995
Oltean_ExercitiuDeImaginatie.txt,data/ROST-NormElip/Oltean_ExercitiuDeImaginatie.txt,Oltean,ExercitiuDeImaginatie,Oltean__ExercitiuDeImaginatie,4938
Oltean_FarmacistaSufletului.txt,data/ROST-NormElip/Oltean_FarmacistaSufletului.txt,Oltean,FarmacistaSufletului,Oltean__FarmacistaSufletului,2719
Oltean_GainaCuOuaDeAur.txt,data/ROST-NormElip/Oltean_GainaCuOuaDeAur.txt,Oltean,GainaCuOuaDeAur,Oltean__GainaCuOuaDeAur,600
Oltean_Idealul.txt,data/ROST-NormElip/Oltean_Idealul.txt,Oltean,Idealul,Oltean__Idealul,4451
Oltean_InCautareaFericirii.txt,data/ROST-NormElip/Oltean_InCautareaFericirii.txt,Oltean,InCautareaFericirii,Oltean__InCautareaFericirii,6530
Oltean_InCautareaParadisului.txt,data/ROST-NormElip/Oltean_InCautareaParadisului.txt,Oltean,InCautareaParadisului,Oltean__InCautareaParadisului,2227
Oltean_InchisoareaMintii.txt,data/ROST-NormElip/Oltean_InchisoareaMintii.txt,Oltean,InchisoareaMintii,Oltean__InchisoareaMintii,819
Oltean_LegendaCafelei.txt,data/ROST-NormElip/Oltean_LegendaCafelei.txt,Oltean,LegendaCafelei,Oltean__LegendaCafelei,1006
Oltean_LinisteRegala.txt,data/ROST-NormElip/Oltean_LinisteRegala.txt,Oltean,LinisteRegala,Oltean__LinisteRegala,5210
Oltean_Mama.txt,data/ROST-NormElip/Oltean_Mama.txt,Oltean,Mama,Oltean__Mama,1129
Oltean_MosCraciun.txt,data/ROST-NormElip/Oltean_MosCraciun.txt,Oltean,MosCraciun,Oltean__MosCraciun,6891
Oltean_NuSiNuuuuuuuuuuuuuu.txt,data/ROST-NormElip/Oltean_NuSiNuuuuuuuuuuuuuu.txt,Oltean,NuSiNuuuuuuuuuuuuuu,Oltean__NuSiNuuuuuuuuuuuuuu,2491
Oltean_PiatraCraiului.txt,data/ROST-NormElip/Oltean_PiatraCraiului.txt,Oltean,PiatraCraiului,Oltean__PiatraCraiului,1419
Oltean_PretulVietii.txt,data/ROST-NormElip/Oltean_PretulVietii.txt,Oltean,PretulVietii,Oltean__PretulVietii,533
Oltean_Soapta.txt,data/ROST-NormElip/Oltean_Soapta.txt,Oltean,Soapta,Oltean__Soapta,1641
Oltean_SomcutaMare.txt,data/ROST-NormElip/Oltean_SomcutaMare.txt,Oltean,SomcutaMare,Oltean__SomcutaMare,3676
Oltean_Tunelul.txt,data/ROST-NormElip/Oltean_Tunelul.txt,Oltean,Tunelul,Oltean__Tunelul,1756
Oltean_UltimulCadou.txt,data/ROST-NormElip/Oltean_UltimulCadou.txt,Oltean,UltimulCadou,Oltean__UltimulCadou,3803
Oltean_VitaminaC.txt,data/ROST-NormElip/Oltean_VitaminaC.txt,Oltean,VitaminaC,Oltean__VitaminaC,1641
Oltean_ZiuaApocalipsei2.txt,data/ROST-NormElip/Oltean_ZiuaApocalipsei2.txt,Oltean,ZiuaApocalipsei2,Oltean__ZiuaApocalipsei2,627
Plugaru_AVenitPrimavara.txt,data/ROST-NormElip/Plugaru_AVenitPrimavara.txt,Plugaru,AVenitPrimavara,Plugaru__AVenitPrimavara,6572
Plugaru_AdevaratulPrieten.txt,data/ROST-NormElip/Plugaru_AdevaratulPrieten.txt,Plugaru,AdevaratulPrieten,Plugaru__AdevaratulPrieten,7456
Plugaru_Amintirile.txt,data/ROST-NormElip/Plugaru_Amintirile.txt,Plugaru,Amintirile,Plugaru__Amintirile,13667
Plugaru_BatranaDoamnaPadure.txt,data/ROST-NormElip/Plugaru_BatranaDoamnaPadure.txt,Plugaru,BatranaDoamnaPadure,Plugaru__BatranaDoamnaPadure,8724
Plugaru_BlanitaNeagra.txt,data/ROST-NormElip/Plugaru_BlanitaNeagra.txt,Plugaru,BlanitaNeagra,Plugaru__BlanitaNeagra,17988
Plugaru_BlestemulComorii.txt,data/ROST-NormElip/Plugaru_BlestemulComorii.txt,Plugaru,BlestemulComorii,Plugaru__BlestemulComorii,9914
Plugaru_BobulDeSoare.txt,data/ROST-NormElip/Plugaru_BobulDeSoare.txt,Plugaru,BobulDeSoare,Plugaru__BobulDeSoare,8298
Plugaru_BroscutaVeruzaSiFloareaDeNufar.txt,data/ROST-NormElip/Plugaru_BroscutaVeruzaSiFloareaDeNufar.txt,Plugaru,BroscutaVeruzaSiFloareaDeNufar,Plugaru__BroscutaVeruzaSiFloareaDeNufar,3855
Plugaru_Buchet.txt,data/ROST-NormElip/Plugaru_Buchet.txt,Plugaru,Buchet,Plugaru__Buchet,14788
Plugaru_Buturuga.txt,data/ROST-NormElip/Plugaru_Buturuga.txt,Plugaru,Buturuga,Plugaru__Buturuga,14923
Plugaru_CadoulDeCraciun.txt,data/ROST-NormElip/Plugaru_CadoulDeCraciun.txt,Plugaru,CadoulDeCraciun,Plugaru__CadoulDeCraciun,7593
Plugaru_CalutulZburator.txt,data/ROST-NormElip/Plugaru_CalutulZburator.txt,Plugaru,CalutulZburator,Plugaru__CalutulZburator,10061
Plugaru_CeleDouaGanganii.txt,data/ROST-NormElip/Plugaru_CeleDouaGanganii.txt,Plugaru,CeleDouaGanganii,Plugaru__CeleDouaGanganii,74201
Plugaru_CloscaBunicutei.txt,data/ROST-NormElip/Plugaru_CloscaBunicutei.txt,Plugaru,CloscaBunicutei,Plugaru__CloscaBunicutei,3274
Plugaru_Cornitele.txt,data/ROST-NormElip/Plugaru_Cornitele.txt,Plugaru,Cornitele,Plugaru__Cornitele,3026
Plugaru_CrusHepSiPestisorulDeAur.txt,data/ROST-NormElip/Plugaru_CrusHepSiPestisorulDeAur.txt,Plugaru,CrusHepSiPestisorulDeAur,Plugaru__CrusHepSiPestisorulDeAur,10376
Plugaru_Culorile.txt,data/ROST-NormElip/Plugaru_Culorile.txt,Plugaru,Culorile,Plugaru__Culorile,3558
Plugaru_DeAleBuneilor.txt,data/ROST-NormElip/Plugaru_DeAleBuneilor.txt,Plugaru,DeAleBuneilor,Plugaru__DeAleBuneilor,2985
Plugaru_DesagaCuFulgi.txt,data/ROST-NormElip/Plugaru_DesagaCuFulgi.txt,Plugaru,DesagaCuFulgi,Plugaru__DesagaCuFulgi,9020
Plugaru_FetitaCuFunditeDesprinseDinCer.txt,data/ROST-NormElip/Plugaru_FetitaCuFunditeDesprinseDinCer.txt,Plugaru,FetitaCuFunditeDesprinseDinCer,Plugaru__FetitaCuFunditeDesprinseDinCer,2761
Plugaru_FrunzaCurajoasa.txt,data/ROST-NormElip/Plugaru_FrunzaCurajoasa.txt,Plugaru,FrunzaCurajoasa,Plugaru__FrunzaCurajoasa,5169
Plugaru_GhetuteleVechiSiGhetuteleNoi.txt,data/ROST-NormElip/Plugaru_GhetuteleVechiSiGhetuteleNoi.txt,Plugaru,GhetuteleVechiSiGhetuteleNoi,Plugaru__GhetuteleVechiSiGhetuteleNoi,3549
Plugaru_HauHau.txt,data/ROST-NormElip/Plugaru_HauHau.txt,Plugaru,HauHau,Plugaru__HauHau,8347
Plugaru_ImparatulCelBun.txt,data/ROST-NormElip/Plugaru_ImparatulCelBun.txt,Plugaru,ImparatulCelBun,Plugaru__ImparatulCelBun,10376
Plugaru_MamaAdoptiva.txt,data/ROST-NormElip/Plugaru_MamaAdoptiva.txt,Plugaru,MamaAdoptiva,Plugaru__MamaAdoptiva,3827
Plugaru_MareaCompetitie.txt,data/ROST-NormElip/Plugaru_MareaCompetitie.txt,Plugaru,MareaCompetitie,Plugaru__MareaCompetitie,9602
Plugaru_MarelePictor.txt,data/ROST-NormElip/Plugaru_MarelePictor.txt,Plugaru,MarelePictor,Plugaru__MarelePictor,3474
Plugaru_Martisorul.txt,data/ROST-NormElip/Plugaru_Martisorul.txt,Plugaru,Martisorul,Plugaru__Martisorul,7386
Plugaru_MicaPasareUriasa.txt,data/ROST-NormElip/Plugaru_MicaPasareUriasa.txt,Plugaru,MicaPasareUriasa,Plugaru__MicaPasareUriasa,8528
Plugaru_Mincinosul.txt,data/ROST-NormElip/Plugaru_Mincinosul.txt,Plugaru,Mincinosul,Plugaru__Mincinosul,6693
Plugaru_NourasulSiniliu.txt,data/ROST-NormElip/Plugaru_NourasulSiniliu.txt,Plugaru,NourasulSiniliu,Plugaru__NourasulSiniliu,33463
Plugaru_OrasulCuOchiiDePloaie.txt,data/ROST-NormElip/Plugaru_OrasulCuOchiiDePloaie.txt,Plugaru,OrasulCuOchiiDePloaie,Plugaru__OrasulCuOchiiDePloaie,53561
Plugaru_PisicutaLuluSiCatelulTagan.txt,data/ROST-NormElip/Plugaru_PisicutaLuluSiCatelulTagan.txt,Plugaru,PisicutaLuluSiCatelulTagan,Plugaru__PisicutaLuluSiCatelulTagan,5002
Plugaru_PovesteaCreionasuluiFermecat.txt,data/ROST-NormElip/Plugaru_PovesteaCreionasuluiFermecat.txt,Plugaru,PovesteaCreionasuluiFermecat,Plugaru__PovesteaCreionasuluiFermecat,16470
Plugaru_PuiulDeVrabiuta.txt,data/ROST-NormElip/Plugaru_PuiulDeVrabiuta.txt,Plugaru,PuiulDeVrabiuta,Plugaru__PuiulDeVrabiuta,5743
Plugaru_RatuscaMaca.txt,data/ROST-NormElip/Plugaru_RatuscaMaca.txt,Plugaru,RatuscaMaca,Plugaru__RatuscaMaca,13948
Plugaru_Telescopul.txt,data/ROST-NormElip/Plugaru_Telescopul.txt,Plugaru,Telescopul,Plugaru__Telescopul,6237
Plugaru_UrechiuseleMagarusului.txt,data/ROST-NormElip/Plugaru_UrechiuseleMagarusului.txt,Plugaru,UrechiuseleMagarusului,Plugaru__UrechiuseleMagarusului,9330
Plugaru_VanzatorulDeVise.txt,data/ROST-NormElip/Plugaru_VanzatorulDeVise.txt,Plugaru,VanzatorulDeVise,Plugaru__VanzatorulDeVise,51876
Plugaru_VisulLuiTigrut.txt,data/ROST-NormElip/Plugaru_VisulLuiTigrut.txt,Plugaru,VisulLuiTigrut,Plugaru__VisulLuiTigrut,6834
Rebreanu_AMuritOFemeie.txt,data/ROST-NormElip/Rebreanu_AMuritOFemeie.txt,Rebreanu,AMuritOFemeie,Rebreanu__AMuritOFemeie,10262
Rebreanu_Alibi.txt,data/ROST-NormElip/Rebreanu_Alibi.txt,Rebreanu,Alibi,Rebreanu__Alibi,14891
Rebreanu_AnaMaria.txt,data/ROST-NormElip/Rebreanu_AnaMaria.txt,Rebreanu,AnaMaria,Rebreanu__AnaMaria,9028
Rebreanu_Barba.txt,data/ROST-NormElip/Rebreanu_Barba.txt,Rebreanu,Barba,Rebreanu__Barba,6897
Rebreanu_Baroneasa.txt,data/ROST-NormElip/Rebreanu_Baroneasa.txt,Rebreanu,Baroneasa,Rebreanu__Baroneasa,6628
Rebreanu_Bibi.txt,data/ROST-NormElip/Rebreanu_Bibi.txt,Rebreanu,Bibi,Rebreanu__Bibi,11600
Rebreanu_CanteculIubirii.txt,data/ROST-NormElip/Rebreanu_CanteculIubirii.txt,Rebreanu,CanteculIubirii,Rebreanu__CanteculIubirii,10619
Rebreanu_CanteculLebedei.txt,data/ROST-NormElip/Rebreanu_CanteculLebedei.txt,Rebreanu,CanteculLebedei,Rebreanu__CanteculLebedei,16840
Rebreanu_Catastrofa.txt,data/ROST-NormElip/Rebreanu_Catastrofa.txt,Rebreanu,Catastrofa,Rebreanu__Catastrofa,66142
Rebreanu_Cearta.txt,data/ROST-NormElip/Rebreanu_Cearta.txt,Rebreanu,Cearta,Rebreanu__Cearta,6649
Rebreanu_Cersetorul.txt,data/ROST-NormElip/Rebreanu_Cersetorul.txt,Rebreanu,Cersetorul,Rebreanu__Cersetorul,10768
Rebreanu_Cinema.txt,data/ROST-NormElip/Rebreanu_Cinema.txt,Rebreanu,Cinema,Rebreanu__Cinema,2658
Rebreanu_Cuceritorul.txt,data/ROST-NormElip/Rebreanu_Cuceritorul.txt,Rebreanu,Cuceritorul,Rebreanu__Cuceritorul,11605
Rebreanu_CuibulVisurilor.txt,data/ROST-NormElip/Rebreanu_CuibulVisurilor.txt,Rebreanu,CuibulVisurilor,Rebreanu__CuibulVisurilor,17333
Rebreanu_Culcusul.txt,data/ROST-NormElip/Rebreanu_Culcusul.txt,Rebreanu,Culcusul,Rebreanu__Culcusul,25828
Rebreanu_CumpanaDreptatii.txt,data/ROST-NormElip/Rebreanu_CumpanaDreptatii.txt,Rebreanu,CumpanaDreptatii,Rebreanu__CumpanaDreptatii,29178
Rebreanu_CupeulFermecat.txt,data/ROST-NormElip/Rebreanu_CupeulFermecat.txt,Rebreanu,CupeulFermecat,Rebreanu__CupeulFermecat,9236
Rebreanu_Dincolo.txt,data/ROST-NormElip/Rebreanu_Dincolo.txt,Rebreanu,Dincolo,Rebreanu__Dincolo,18908
Rebreanu_Dintele.txt,data/ROST-NormElip/Rebreanu_Dintele.txt,Rebreanu,Dintele,Rebreanu__Dintele,31804
Rebreanu_Divortul.txt,data/ROST-NormElip/Rebreanu_Divortul.txt,Rebreanu,Divortul,Rebreanu__Divortul,8459
Rebreanu_Dumnezeu.txt,data/ROST-NormElip/Rebreanu_Dumnezeu.txt,Rebreanu,Dumnezeu,Rebreanu__Dumnezeu,2855
Rebreanu_FamiliaMisterioasa.txt,data/ROST-NormElip/Rebreanu_FamiliaMisterioasa.txt,Rebreanu,FamiliaMisterioasa,Rebreanu__FamiliaMisterioasa,5034
Rebreanu_Fiara.txt,data/ROST-NormElip/Rebreanu_Fiara.txt,Rebreanu,Fiara,Rebreanu__Fiara,11553
Rebreanu_Ghinionul.txt,data/ROST-NormElip/Rebreanu_Ghinionul.txt,Rebreanu,Ghinionul,Rebreanu__Ghinionul,11198
Rebreanu_GlasulInimii.txt,data/ROST-NormElip/Rebreanu_GlasulInimii.txt,Rebreanu,GlasulInimii,Rebreanu__GlasulInimii,10792
Rebreanu_Golanii.txt,data/ROST-NormElip/Rebreanu_Golanii.txt,Rebreanu,Golanii,Rebreanu__Golanii,26197
Rebreanu_HoraMortii.txt,data/ROST-NormElip/Rebreanu_HoraMortii.txt,Rebreanu,HoraMortii,Rebreanu__HoraMortii,44038
Rebreanu_IdilaDeLaTara.txt,data/ROST-NormElip/Rebreanu_IdilaDeLaTara.txt,Rebreanu,IdilaDeLaTara,Rebreanu__IdilaDeLaTara,7375
Rebreanu_IntaiulGropar.txt,data/ROST-NormElip/Rebreanu_IntaiulGropar.txt,Rebreanu,IntaiulGropar,Rebreanu__IntaiulGropar,11223
Rebreanu_IticStrulDezertor.txt,data/ROST-NormElip/Rebreanu_IticStrulDezertor.txt,Rebreanu,IticStrulDezertor,Rebreanu__IticStrulDezertor,33278
Rebreanu_LaUrmaUrmelor.txt,data/ROST-NormElip/Rebreanu_LaUrmaUrmelor.txt,Rebreanu,LaUrmaUrmelor,Rebreanu__LaUrmaUrmelor,9539
Rebreanu_Marturisire.txt,data/ROST-NormElip/Rebreanu_Marturisire.txt,Rebreanu,Marturisire,Rebreanu__Marturisire,5299
Rebreanu_Nevasta.txt,data/ROST-NormElip/Rebreanu_Nevasta.txt,Rebreanu,Nevasta,Rebreanu__Nevasta,12721
Rebreanu_Norocul.txt,data/ROST-NormElip/Rebreanu_Norocul.txt,Rebreanu,Norocul,Rebreanu__Norocul,8745
Rebreanu_OScena.txt,data/ROST-NormElip/Rebreanu_OScena.txt,Rebreanu,OScena,Rebreanu__OScena,4801
Rebreanu_Oamenii.txt,data/ROST-NormElip/Rebreanu_Oamenii.txt,Rebreanu,Oamenii,Rebreanu__Oamenii,1960
Rebreanu_Ocrotitorul.txt,data/ROST-NormElip/Rebreanu_Ocrotitorul.txt,Rebreanu,Ocrotitorul,Rebreanu__Ocrotitorul,39406
Rebreanu_Ofilire.txt,data/ROST-NormElip/Rebreanu_Ofilire.txt,Rebreanu,Ofilire,Rebreanu__Ofilire,11001
Rebreanu_OmulMicSiOameniiMari.txt,data/ROST-NormElip/Rebreanu_OmulMicSiOameniiMari.txt,Rebreanu,OmulMicSiOameniiMari,Rebreanu__OmulMicSiOameniiMari,12389
Rebreanu_Paduchii.txt,data/ROST-NormElip/Rebreanu_Paduchii.txt,Rebreanu,Paduchii,Rebreanu__Paduchii,21528
Rebreanu_PantofiiGalbeni.txt,data/ROST-NormElip/Rebreanu_PantofiiGalbeni.txt,Rebreanu,PantofiiGalbeni,Rebreanu__PantofiiGalbeni,7365
Rebreanu_Pozna.txt,data/ROST-NormElip/Rebreanu_Pozna.txt,Rebreanu,Pozna,Rebreanu__Pozna,10415
Rebreanu_Prostii.txt,data/ROST-NormElip/Rebreanu_Prostii.txt,Rebreanu,Prostii,Rebreanu__Prostii,13035
Rebreanu_Puia.txt,data/ROST-NormElip/Rebreanu_Puia.txt,Rebreanu,Puia,Rebreanu__Puia,1804
Rebreanu_Pungasul.txt,data/ROST-NormElip/Rebreanu_Pungasul.txt,Rebreanu,Pungasul,Rebreanu__Pungasul,3616
Rebreanu_Rafuiala.txt,data/ROST-NormElip/Rebreanu_Rafuiala.txt,Rebreanu,Rafuiala,Rebreanu__Rafuiala,23786
Rebreanu_Razboiul.txt,data/ROST-NormElip/Rebreanu_Razboiul.txt,Rebreanu,Razboiul,Rebreanu__Razboiul,3388
Rebreanu_RazboiulInsemnarileUnuiSublocotenent.txt,data/ROST-NormElip/Rebreanu_RazboiulInsemnarileUnuiSublocotenent.txt,Rebreanu,RazboiulInsemnarileUnuiSublocotenent,Rebreanu__RazboiulInsemnarileUnuiSublocotenent,7851
Rebreanu_Sentinela.txt,data/ROST-NormElip/Rebreanu_Sentinela.txt,Rebreanu,Sentinela,Rebreanu__Sentinela,7254
Rebreanu_Sfarsitul.txt,data/ROST-NormElip/Rebreanu_Sfarsitul.txt,Rebreanu,Sfarsitul,Rebreanu__Sfarsitul,6327
Rebreanu_SoacraSfantuluiPetru.txt,data/ROST-NormElip/Rebreanu_SoacraSfantuluiPetru.txt,Rebreanu,SoacraSfantuluiPetru,Rebreanu__SoacraSfantuluiPetru,7686
Rebreanu_Stranutarea.txt,data/ROST-NormElip/Rebreanu_Stranutarea.txt,Rebreanu,Stranutarea,Rebreanu__Stranutarea,7966
Rebreanu_TaineleIubirii.txt,data/ROST-NormElip/Rebreanu_TaineleIubirii.txt,Rebreanu,TaineleIubirii,Rebreanu__TaineleIubirii,11264
Rebreanu_Talerii.txt,data/ROST-NormElip/Rebreanu_Talerii.txt,Rebreanu,Talerii,Rebreanu__Talerii,12276
Rebreanu_TaranulSiCoasa.txt,data/ROST-NormElip/Rebreanu_TaranulSiCoasa.txt,Rebreanu,TaranulSiCoasa,Rebreanu__TaranulSiCoasa,7924
Rebreanu_Umbre.txt,data/ROST-NormElip/Rebreanu_Umbre.txt,Rebreanu,Umbre,Rebreanu__Umbre,10775
Rebreanu_Venus.txt,data/ROST-NormElip/Rebreanu_Venus.txt,Rebreanu,Venus,Rebreanu__Venus,8807
Rebreanu_Vrajmasii.txt,data/ROST-NormElip/Rebreanu_Vrajmasii.txt,Rebreanu,Vrajmasii,Rebreanu__Vrajmasii,5183
Rebreanu_VremuriRazboinice.txt,data/ROST-NormElip/Rebreanu_VremuriRazboinice.txt,Rebreanu,VremuriRazboinice,Rebreanu__VremuriRazboinice,5461
Rebreanu_Zevzecul.txt,data/ROST-NormElip/Rebreanu_Zevzecul.txt,Rebreanu,Zevzecul,Rebreanu__Zevzecul,10189
Slavici_BabaDana.txt,data/ROST-NormElip/Slavici_BabaDana.txt,Slavici,BabaDana,Slavici__BabaDana,6577
Slavici_BaietSarac.txt,data/ROST-NormElip/Slavici_BaietSarac.txt,Slavici,BaietSarac,Slavici__BaietSarac,34943
Slavici_Bobocel.txt,data/ROST-NormElip/Slavici_Bobocel.txt,Slavici,Bobocel,Slavici__Bobocel,11132
Slavici_BoierulSiPacala.txt,data/ROST-NormElip/Slavici_BoierulSiPacala.txt,Slavici,BoierulSiPacala,Slavici__BoierulSiPacala,1438
Slavici_BuduleaTaichii.txt,data/ROST-NormElip/Slavici_BuduleaTaichii.txt,Slavici,BuduleaTaichii,Slavici__BuduleaTaichii,96899
Slavici_CeasRau.txt,data/ROST-NormElip/Slavici_CeasRau.txt,Slavici,CeasRau,Slavici__CeasRau,25955
Slavici_Comoara.txt,data/ROST-NormElip/Slavici_Comoara.txt,Slavici,Comoara,Slavici__Comoara,162441
Slavici_CrucileRosii.txt,data/ROST-NormElip/Slavici_CrucileRosii.txt,Slavici,CrucileRosii,Slavici__CrucileRosii,59644
Slavici_Dascalasul.txt,data/ROST-NormElip/Slavici_Dascalasul.txt,Slavici,Dascalasul,Slavici__Dascalasul,17999
Slavici_DinAltaLume.txt,data/ROST-NormElip/Slavici_DinAltaLume.txt,Slavici,DinAltaLume,Slavici__DinAltaLume,13643
Slavici_DinTiganie.txt,data/ROST-NormElip/Slavici_DinTiganie.txt,Slavici,DinTiganie,Slavici__DinTiganie,45351
Slavici_DoiFetiCuSteaInFrunte.txt,data/ROST-NormElip/Slavici_DoiFetiCuSteaInFrunte.txt,Slavici,DoiFetiCuSteaInFrunte,Slavici__DoiFetiCuSteaInFrunte,18380
Slavici_DoiFratiBuni.txt,data/ROST-NormElip/Slavici_DoiFratiBuni.txt,Slavici,DoiFratiBuni,Slavici__DoiFratiBuni,7194
Slavici_FiulCuiva.txt,data/ROST-NormElip/Slavici_FiulCuiva.txt,Slavici,FiulCuiva,Slavici__FiulCuiva,11808
Slavici_FloritaDinCodru.txt,data/ROST-NormElip/Slavici_FloritaDinCodru.txt,Slavici,FloritaDinCodru,Slavici__FloritaDinCodru,38060
Slavici_GoguSiGogusor.txt,data/ROST-NormElip/Slavici_GoguSiGogusor.txt,Slavici,GoguSiGogusor,Slavici__GoguSiGogusor,28340
Slavici_GuraSatului.txt,data/ROST-NormElip/Slavici_GuraSatului.txt,Slavici,GuraSatului,Slavici__GuraSatului,87265
Slavici_HanulCiorilor.txt,data/ROST-NormElip/Slavici_HanulCiorilor.txt,Slavici,HanulCiorilor,Slavici__HanulCiorilor,22682
Slavici_IleanaCeaSireata.txt,data/ROST-NormElip/Slavici_IleanaCeaSireata.txt,Slavici,IleanaCeaSireata,Slavici__IleanaCeaSireata,18672
Slavici_IlieDurac.txt,data/ROST-NormElip/Slavici_IlieDurac.txt,Slavici,IlieDurac,Slavici__IlieDurac,3965
Slavici_Impacare.txt,data/ROST-NormElip/Slavici_Impacare.txt,Slavici,Impacare,Slavici__Impacare,11678
Slavici_LaCruceaDinSat.txt,data/ROST-NormElip/Slavici_LaCruceaDinSat.txt,Slavici,LaCruceaDinSat,Slavici__LaCruceaDinSat,43800
Slavici_LaRascruci.txt,data/ROST-NormElip/Slavici_LaRascruci.txt,Slavici,LaRascruci,Slavici__LaRascruci,92677
Slavici_LeuParaleu.txt,data/ROST-NormElip/Slavici_LeuParaleu.txt,Slavici,LeuParaleu,Slavici__LeuParaleu,9285
Slavici_LimirImparat.txt,data/ROST-NormElip/Slavici_LimirImparat.txt,Slavici,LimirImparat,Slavici__LimirImparat,41902
Slavici_Mitocanul.txt,data/ROST-NormElip/Slavici_Mitocanul.txt,Slavici,Mitocanul,Slavici__Mitocanul,37018
Slavici_MoaraCuNoroc.txt,data/ROST-NormElip/Slavici_MoaraCuNoroc.txt,Slavici,MoaraCuNoroc,Slavici__MoaraCuNoroc,206231
Slavici_NegreaBatranul.txt,data/ROST-NormElip/Slavici_NegreaBatranul.txt,Slavici,NegreaBatranul,Slavici__NegreaBatranul,19984
Slavici_Norocul.txt,data/ROST-NormElip/Slavici_Norocul.txt,Slavici,Norocul,Slavici__Norocul,55998
Slavici_OAventuraGalanta.txt,data/ROST-NormElip/Slavici_OAventuraGalanta.txt,Slavici,OAventuraGalanta,Slavici__OAventuraGalanta,15435
Slavici_OIncurcatura.txt,data/ROST-NormElip/Slavici_OIncurcatura.txt,Slavici,OIncurcatura,Slavici__OIncurcatura,7305
Slavici_OMostenireGrea.txt,data/ROST-NormElip/Slavici_OMostenireGrea.txt,Slavici,OMostenireGrea,Slavici__OMostenireGrea,19557
Slavici_ORazbunare.txt,data/ROST-NormElip/Slavici_ORazbunare.txt,Slavici,ORazbunare,Slavici__ORazbunare,11022
Slavici_OViataPierduta.txt,data/ROST-NormElip/Slavici_OViataPierduta.txt,Slavici,OViataPierduta,Slavici__OViataPierduta,55997
Slavici_OmDeCaracter.txt,data/ROST-NormElip/Slavici_OmDeCaracter.txt,Slavici,OmDeCaracter,Slavici__OmDeCaracter,19487
Slavici_PacalaInSatulLui.txt,data/ROST-NormElip/Slavici_PacalaInSatulLui.txt,Slavici,PacalaInSatulLui,Slavici__PacalaInSatulLui,28076
Slavici_Padureanca.txt,data/ROST-NormElip/Slavici_Padureanca.txt,Slavici,Padureanca,Slavici__Padureanca,203152
Slavici_PascalSaracul.txt,data/ROST-NormElip/Slavici_PascalSaracul.txt,Slavici,PascalSaracul,Slavici__PascalSaracul,26554
Slavici_PetreaProstul.txt,data/ROST-NormElip/Slavici_PetreaProstul.txt,Slavici,PetreaProstul,Slavici__PetreaProstul,47777
Slavici_PopaTanda.txt,data/ROST-NormElip/Slavici_PopaTanda.txt,Slavici,PopaTanda,Slavici__PopaTanda,36931
Slavici_Renastere.txt,data/ROST-NormElip/Slavici_Renastere.txt,Slavici,Renastere,Slavici__Renastere,27945
Slavici_RodulTainic.txt,data/ROST-NormElip/Slavici_RodulTainic.txt,Slavici,RodulTainic,Slavici__RodulTainic,14827
Slavici_SanVasii.txt,data/ROST-NormElip/Slavici_SanVasii.txt,Slavici,SanVasii,Slavici__SanVasii,12071
Slavici_SaracutaDeEa.txt,data/ROST-NormElip/Slavici_SaracutaDeEa.txt,Slavici,SaracutaDeEa,Slavici__SaracutaDeEa,9168
Slavici_Scormon.txt,data/ROST-NormElip/Slavici_Scormon.txt,Slavici,Scormon,Slavici__Scormon,12260
Slavici_Sepi.txt,data/ROST-NormElip/Slavici_Sepi.txt,Slavici,Sepi,Slavici__Sepi,26466
Slavici_SpaimaZmeilor.txt,data/ROST-NormElip/Slavici_SpaimaZmeilor.txt,Slavici,SpaimaZmeilor,Slavici__SpaimaZmeilor,14241
Slavici_StanBolovan.txt,data/ROST-NormElip/Slavici_StanBolovan.txt,Slavici,StanBolovan,Slavici__StanBolovan,5777
Slavici_TovarasieNepotrivita.txt,data/ROST-NormElip/Slavici_TovarasieNepotrivita.txt,Slavici,TovarasieNepotrivita,Slavici__TovarasieNepotrivita,11882
Slavici_UnOmDeNcredere.txt,data/ROST-NormElip/Slavici_UnOmDeNcredere.txt,Slavici,UnOmDeNcredere,Slavici__UnOmDeNcredere,25601
Slavici_Vecinii.txt,data/ROST-NormElip/Slavici_Vecinii.txt,Slavici,Vecinii,Slavici__Vecinii,154962
Slavici_ZanaZorilor.txt,data/ROST-NormElip/Slavici_ZanaZorilor.txt,Slavici,ZanaZorilor,Slavici__ZanaZorilor,70543
